71,Nick,Young,3.6,Female,History,kumar71,1572854400000
72,Natalie,Jones,3.8,Female,Maths,kumar72,1571900400000
73,Natalie,Jones,3.5,Female,History,kumar73,1571900400000
74,Bob,Lewis,3.2,Male,Maths,kumar74,1571900400000
75,Bob,Lewis,3.6,Male,Chemistry,kumar75,1572418800000
76,Jane,Doe,3.8,Female,Geography,kumar76,1572505200000
77,Jane,Doe,3.5,Female,English,kumar77,1572505200000
78,Jane,Doe,3.2,Female,Maths,kumar78,1572678000000
79,Jane,Doe,3.6,Female,Physics,kumar79,1572678000000
80,John,Doe,3.8,Male,Maths,kumar80,1572678000000
81,John,Doe,3.5,Male,English,kumar81,1572678000000
82,John,Doe,3.2,Male,History,kumar82,1572854400000
83,Nick,Young,3.6,Female,History,kumar83,1572854400000
84,Natalie,Jones,3.8,Female,Maths,kumar84,1571900400000
85,Natalie,Jones,3.5,Female,History,kumar85,1571900400000
86,Bob,Lewis,3.2,Male,Maths,kumar86,1571900400000
87,Bob,Lewis,3.6,Male,Chemistry,kumar87,1572418800000
88,Jane,Doe,3.8,Female,Geography,kumar88,1572505200000
89,Jane,Doe,3.5,Female,English,kumar89,1572505200000
90,Jane,Doe,3.2,Female,Maths,kumar90,1572678000000
91,Jane,Doe,3.6,Female,Physics,kumar91,1572678000000
92,John,Doe,3.8,Male,Maths,kumar92,1572678000000
93,John,Doe,3.5,Male,English,kumar93,1572678000000
94,John,Doe,3.2,Male,History,kumar94,1572854400000
95,Nick,Young,3.6,Female,History,kumar95,1572854400000
96,Natalie,Jones,3.8,Female,Maths,kumar96,1571900400000
97,Natalie,Jones,3.5,Female,History,kumar97,1571900400000
98,Bob,Lewis,3.2,Male,Maths,kumar98,1571900400000
99,Bob,Lewis,3.6,Male,Chemistry,kumar99,1572418800000
100,Jane,Doe,3.8,Female,Geography,kumar100,1572505200000
101,Jane,Doe,3.5,Female,English,kumar101,1572505200000
102,Jane,Doe,3.2,Female,Maths,kumar102,1572678000000
103,Jane,Doe,3.6,Female,Physics,kumar103,1572678000000
104,John7,Doe,3.8,Female,Maths,kumar104,1572678000000
105,John8,Doe,3.5,Female,English,kumar105,1572678000000
